Model_Year,Make,Model,Vehicle_Class,Engine_Size,Cylinders,Transmission,Fuel_Consumption_in_City(L/100 km),Fuel_Consumption_in_City_Hwy(L/100 km),Fuel_Consumption_comb(L/100km),CO2_Emissions,Smog_Level
2021,0,355,0,2.4,4,6,9.9,7.0,8.6,199.0,3
2021,0,438,13,3.5,6,7,11.1,10.8,11.0,256.0,3
2021,0,506,7,2.0,4,8,11.0,8.6,9.9,232.0,6
2021,0,507,7,2.0,4,8,11.3,9.1,10.3,242.0,6
2021,0,604,0,2.0,4,8,11.2,8.0,9.8,230.0,7
2021,0,605,0,2.0,4,8,11.3,8.1,9.8,231.0,7
2021,1,332,2,2.0,4,2,10.0,7.2,8.7,205.0,3
2021,1,333,2,2.0,4,2,10.5,7.7,9.2,217.0,3
2021,1,334,2,2.9,6,2,13.5,9.3,11.6,271.0,3
2021,1,594,7,2.0,4,2,10.3,8.1,9.3,218.0,3
2021,1,595,7,2.0,4,2,10.8,8.3,9.6,226.0,3
2021,1,596,7,2.9,6,2,13.9,10.3,12.3,288.0,3
2021,2,236,3,4.0,8,2,13.0,9.8,11.5,271.0,3
2021,2,235,3,5.2,12,2,15.5,10.6,13.3,312.0,3
2021,2,237,3,5.2,12,2,16.4,10.7,13.8,324.0,3
2021,2,238,8,4.0,8,3,17.1,12.8,15.2,357.0,3
2021,2,646,13,4.0,8,2,13.1,9.6,11.5,270.0,3
2021,2,646,13,4.0,8,22,16.7,11.2,14.2,333.0,3
2021,3,53,11,2.0,4,5,9.8,7.9,8.9,208.0,5
2021,3,51,0,2.0,4,5,9.3,7.0,8.3,194.0,5
2021,3,52,0,2.0,4,5,9.8,7.6,8.8,205.0,5
2021,3,54,12,2.0,4,5,10.4,7.5,9.1,212.0,5
2021,3,55,12,2.0,4,5,9.8,7.6,8.8,205.0,5
2021,3,56,2,2.0,4,5,9.8,7.6,8.8,205.0,5
2021,3,59,10,3.0,6,5,11.8,9.1,10.6,247.0,5
2021,3,57,2,2.0,4,5,10.3,7.8,9.2,214.0,5
2021,3,58,2,3.0,6,5,10.9,8.2,9.7,227.0,5
2021,3,60,2,3.0,6,5,10.9,8.2,9.7,227.0,5
2021,3,61,1,3.0,6,12,13.5,8.9,11.5,267.0,5
2021,3,62,1,4.0,8,12,15.4,10.4,13.2,308.0,3
2021,3,474,7,2.0,4,12,10.6,7.7,9.3,218.0,7
2021,3,475,7,2.0,4,12,11.7,8.4,10.2,239.0,7
2021,3,476,7,2.0,4,5,10.1,8.3,9.3,217.0,5
2021,3,477,7,2.0,4,5,10.1,8.3,9.3,217.0,5
2021,3,482,8,2.0,4,12,12.4,10.1,11.3,264.0,3
2021,3,483,8,3.0,6,12,13.4,10.4,12.0,281.0,5
2021,3,484,8,3.0,6,12,13.4,10.4,12.0,281.0,5
2021,3,492,13,5.2,10,5,17.2,10.2,14.1,329.0,1
2021,3,493,13,5.2,10,5,17.6,12.0,15.1,353.0,1
2021,3,494,13,5.2,10,5,17.2,10.2,14.1,329.0,1
2021,3,495,13,5.2,10,5,17.6,12.0,15.1,353.0,1
2021,3,508,12,2.9,6,12,13.1,9.5,11.5,269.0,5
2021,3,509,2,2.9,6,12,13.1,9.3,11.4,266.0,5
2021,3,510,10,4.0,8,12,16.1,10.7,13.7,319.0,3
2021,3,511,2,4.0,8,12,16.0,10.5,13.5,315.0,3
2021,3,512,8,4.0,8,12,18.0,12.3,15.4,360.0,3
2021,3,532,0,3.0,6,12,11.5,8.5,10.1,237.0,5
2021,3,533,12,3.0,6,12,11.7,8.9,10.5,244.0,5
2021,3,534,12,3.0,6,12,11.5,8.5,10.1,237.0,5
2021,3,535,2,3.0,6,12,11.5,8.5,10.1,237.0,5
2021,3,536,2,2.9,6,12,12.9,8.5,10.9,255.0,5
2021,3,540,2,2.9,6,12,12.9,8.5,10.9,255.0,5
2021,3,541,1,4.0,8,12,17.6,10.7,14.5,339.0,3
2021,3,544,7,3.0,6,12,13.1,9.9,11.6,274.0,5
2021,3,543,7,3.0,6,12,13.1,9.9,11.6,274.0,5
2021,3,545,8,4.0,8,12,16.0,11.4,13.9,324.0,3
2021,3,546,8,4.0,8,12,16.0,11.4,13.9,324.0,3
2021,3,606,12,2.0,4,5,10.4,7.8,9.2,216.0,7
2021,3,608,13,2.0,4,5,10.4,7.8,9.2,216.0,7
2021,3,607,12,2.5,5,5,11.6,8.0,10.0,232.0,3
2021,3,609,12,2.0,4,5,10.4,8.2,9.4,220.0,3
2021,5,126,8,4.0,8,12,15.8,9.9,13.2,309.0,3
2021,5,126,8,6.0,12,12,19.0,13.0,16.3,383.0,3
2021,5,212,12,4.0,8,6,15.0,9.0,12.3,290.0,3
2021,5,212,12,6.0,12,6,19.0,11.6,15.7,364.0,3
2021,5,213,3,4.0,8,6,15.0,9.0,12.3,290.0,3
2021,5,213,3,6.0,12,6,19.2,12.2,16.0,373.0,3
2021,5,303,2,4.0,8,6,15.5,11.6,13.7,323.0,3
2021,5,303,2,6.0,12,6,19.2,12.2,16.0,373.0,3
2021,4,11,0,2.0,4,12,10.2,7.2,8.8,206.0,7
2021,4,12,12,2.0,4,12,11.2,7.7,9.6,225.0,7
2021,4,13,12,2.0,4,12,11.2,7.7,9.6,225.0,7
2021,4,16,0,2.0,4,12,9.5,6.9,8.3,195.0,7
2021,4,17,12,2.0,4,12,10.0,7.1,8.7,202.0,7
2021,4,21,2,2.0,4,12,10.1,7.5,8.9,206.0,7
2021,4,22,1,3.0,6,12,10.3,7.6,9.1,211.0,5
2021,4,34,1,4.4,8,12,14.0,9.7,12.0,281.0,3
2021,4,33,1,4.4,8,12,14.0,9.7,12.0,281.0,3
2021,4,110,1,4.4,8,12,14.0,9.7,12.0,281.0,3
2021,4,111,8,4.4,8,12,15.7,11.5,13.8,321.0,3
2021,4,388,12,3.0,6,5,14.3,10.4,12.6,293.0,3
2021,4,388,12,3.0,6,21,13.4,9.6,11.7,273.0,3
2021,4,389,0,2.0,4,12,10.4,7.7,9.2,213.0,7
2021,4,390,12,3.0,6,12,11.3,7.9,9.8,228.0,3
2021,4,391,12,3.0,6,12,11.3,7.9,9.8,228.0,3
2021,4,392,0,3.0,6,12,10.5,7.7,9.2,214.0,5
2021,4,393,12,3.0,6,12,10.5,7.7,9.2,214.0,5
2021,4,395,2,4.4,8,12,16.0,11.0,13.8,323.0,3
2021,4,394,2,4.4,8,12,16.0,11.0,13.8,323.0,3
2021,4,396,2,4.4,8,12,13.5,9.5,11.7,272.0,3
2021,4,397,1,6.6,12,12,17.8,11.9,15.1,354.0,3
2021,4,398,12,4.4,8,12,16.0,11.0,13.8,323.0,3
2021,4,399,12,4.4,8,12,16.0,11.0,13.8,323.0,3
2021,4,400,12,4.4,8,12,16.0,11.0,13.8,323.0,3
2021,4,401,12,4.4,8,12,16.0,11.0,13.8,323.0,3
2021,4,402,2,4.4,8,12,16.0,11.0,13.8,323.0,3
2021,4,403,2,4.4,8,12,16.0,11.0,13.8,323.0,3
2021,4,404,12,4.4,8,12,14.0,9.7,12.0,281.0,3
2021,4,405,12,4.4,8,12,13.5,9.5,11.7,272.0,3
2021,4,406,2,4.4,8,12,14.0,9.7,12.0,281.0,3
2021,4,661,7,2.0,4,12,10.3,7.7,9.1,213.0,7
2021,4,663,7,2.0,4,12,9.8,7.5,8.8,205.0,7
2021,4,662,7,2.0,4,12,10.0,7.7,8.9,209.0,7
2021,4,667,7,2.0,4,12,10.2,8.2,9.3,217.0,7
2021,4,664,7,3.0,6,12,16.6,12.1,14.6,339.0,3
2021,4,665,7,3.0,6,12,16.6,12.1,14.6,339.0,3
2021,4,666,7,3.0,6,12,11.3,8.7,10.1,235.0,5
2021,4,671,7,2.0,4,12,10.2,8.2,9.3,217.0,7
2021,4,668,7,3.0,6,12,16.6,12.1,14.6,339.0,3
2021,4,669,7,3.0,6,12,16.6,12.1,14.6,339.0,3
2021,4,670,7,3.0,6,12,11.3,8.7,10.1,235.0,5
2021,4,675,8,3.0,6,12,11.4,9.2,10.4,242.0,3
2021,4,672,8,4.4,8,12,17.9,13.0,15.7,364.0,3
2021,4,673,8,4.4,8,12,17.9,13.0,15.7,364.0,3
2021,4,674,8,4.4,8,12,14.4,10.6,12.7,302.0,3
2021,4,679,8,3.0,6,12,11.4,9.2,10.4,242.0,3
2021,4,676,8,4.4,8,12,17.9,13.0,15.7,364.0,3
2021,4,677,8,4.4,8,12,17.9,13.0,15.7,364.0,3
2021,4,678,8,4.4,8,12,14.4,10.6,12.7,302.0,3
2021,4,681,8,3.0,6,12,12.1,9.8,11.1,256.0,3
2021,4,680,8,4.4,8,12,15.7,11.5,13.8,321.0,3
2021,4,702,13,2.0,4,12,9.4,7.3,8.4,197.0,7
2021,4,701,13,3.0,6,12,10.7,8.0,9.5,221.0,5
2021,6,201,13,7.0,14,5,21.85,15.450000000000001,19.1,439.25,1
2021,6,202,13,7.0,14,5,21.85,15.450000000000001,19.1,439.25,1
2021,7,260,8,3.6,6,3,13.0,9.1,11.2,264.0,6
2021,7,261,8,3.6,6,3,13.6,9.6,11.8,277.0,6
2021,7,262,7,1.4,4,10,9.4,7.8,8.7,204.0,5
2021,7,263,7,1.4,4,10,9.7,7.3,8.6,203.0,7
2021,7,264,7,1.4,4,10,10.0,8.0,9.1,214.0,5
2021,7,265,7,1.4,4,10,10.2,7.7,9.1,214.0,7
2021,7,266,7,1.2,3,14,8.4,7.5,8.0,188.0,7
2021,7,267,7,2.0,4,13,10.0,7.6,8.9,209.0,7
2021,7,268,7,2.0,4,13,10.5,8.2,9.5,222.0,7
2021,8,143,0,2.0,4,12,10.1,6.8,8.7,203.0,6
2021,8,143,0,2.7,4,8,11.0,7.6,9.5,221.0,6
2021,8,144,0,2.0,4,12,10.4,7.4,9.1,213.0,6
2021,8,144,0,2.7,4,8,11.4,8.2,9.9,232.0,6
2021,8,145,0,2.7,4,8,11.5,8.2,10.0,234.0,6
2021,8,146,0,2.7,4,8,11.7,8.4,10.2,239.0,6
2021,8,147,2,2.0,4,8,10.4,7.3,9.0,209.0,6
2021,8,147,2,3.0,6,8,12.3,8.5,10.6,249.0,5
2021,8,148,2,2.0,4,8,11.0,7.7,9.5,242.0,6
2021,8,148,2,3.0,6,8,12.7,9.1,11.1,260.0,5
2021,8,149,2,3.0,6,8,12.7,8.7,10.9,256.0,5
2021,8,150,2,3.0,6,8,12.7,9.1,11.1,260.0,5
2021,8,271,8,3.0,6,0,12.0,8.9,10.6,277.0,3
2021,8,271,8,6.2,8,0,16.8,12.4,14.8,347.0,3
2021,8,272,8,6.2,8,0,17.5,12.6,15.3,357.0,3
2021,8,688,7,2.0,4,13,9.9,7.8,8.9,209.0,7
2021,8,689,7,2.0,4,13,10.9,8.2,9.7,227.0,7
2021,8,690,7,2.0,4,13,10.7,8.0,9.5,222.0,7
2021,8,691,7,2.0,4,13,11.2,8.7,10.1,237.0,7
2021,8,691,7,3.6,6,13,12.9,9.2,11.2,263.0,6
2021,8,692,7,2.0,4,13,11.2,9.0,10.2,239.0,7
2021,8,692,7,3.6,6,13,13.1,9.5,11.5,269.0,6
2021,9,127,7,2.0,4,3,10.6,8.0,9.4,221.0,7
2021,9,127,7,2.5,4,3,11.3,8.9,10.2,238.0,5
2021,9,127,7,3.6,6,3,12.0,8.7,10.5,247.0,6
2021,9,128,7,2.0,4,3,10.6,8.7,9.7,227.0,7
2021,9,128,7,3.6,6,3,12.5,9.0,10.9,256.0,6
2021,9,163,12,2.0,4,12,10.9,7.8,9.5,222.0,5
2021,9,163,12,2.0,4,21,12.6,8.0,10.5,247.0,5
2021,9,163,12,3.6,6,8,12.8,8.1,10.7,251.0,6
2021,9,163,12,3.6,6,21,14.4,9.0,12.0,281.0,6
2021,9,164,12,6.2,8,8,14.6,8.9,12.0,281.0,1
2021,9,164,12,6.2,8,21,14.9,9.9,12.6,296.0,1
2021,9,165,12,6.2,8,8,18.3,11.2,15.1,355.0,1
2021,9,165,12,6.2,8,21,17.2,12.0,14.8,349.0,1
2021,9,207,5,2.5,4,1,12.2,9.4,10.9,257.0,6
2021,9,207,5,2.8,4,1,11.8,7.9,10.1,294.0,3
2021,9,207,5,3.6,6,2,12.9,9.3,11.3,263.0,6
2021,9,208,5,2.5,4,1,12.7,9.9,11.4,268.0,6
2021,9,208,5,2.8,4,1,12.2,8.4,10.5,294.0,3
2021,9,208,5,3.6,6,2,14.0,9.9,12.1,284.0,6
2021,9,209,5,2.8,4,1,13.3,10.6,12.1,326.0,3
2021,9,209,5,3.6,6,2,15.0,13.0,14.1,329.0,6
2021,9,231,13,6.2,8,12,15.4,8.7,12.4,290.0,3
2021,9,269,7,1.5,4,1,8.9,7.7,8.4,198.0,7
2021,9,270,7,1.5,4,1,9.4,8.0,8.8,207.0,7
2021,9,413,2,1.5,4,14,8.2,6.6,7.5,175.0,7
2021,9,413,2,2.0,4,3,10.7,7.1,9.1,213.0,5
2021,9,573,6,2.7,4,2,11.9,10.3,11.2,263.0,6
2021,9,585,6,2.7,4,2,11.9,10.3,11.2,263.0,6
2021,9,573,6,3.0,6,0,10.2,7.2,8.8,238.0,3
2021,9,573,6,4.3,6,1,15.1,11.5,13.5,318.0,6
2021,9,573,6,5.3,8,1,15.8,11.4,13.8,325.0,5
2021,9,574,6,5.3,8,1,16.7,11.4,14.3,336.0,5
2021,9,586,6,5.3,8,1,16.2,12.3,14.5,340.0,3
2021,9,586,6,5.3,8,1,21.5,15.450000000000001,19.0,315.0,3
2021,9,573,6,5.3,8,2,13.9,10.1,12.2,286.0,5
2021,9,575,6,5.3,8,2,15.9,10.8,13.6,319.0,5
2021,9,576,6,2.7,4,2,12.5,10.8,11.7,275.0,6
2021,9,580,6,2.7,4,2,12.5,10.8,11.7,275.0,6
2021,9,576,6,3.0,6,0,10.6,9.2,10.0,268.0,3
2021,9,576,6,4.3,6,1,15.8,11.9,14.0,329.0,6
2021,9,582,6,4.3,6,1,16.3,13.0,14.8,347.0,6
2021,9,576,6,5.3,8,1,16.0,11.8,14.1,331.0,5
2021,9,577,6,5.3,8,1,17.3,11.8,14.8,348.0,5
2021,9,581,6,5.3,8,1,16.5,12.8,14.8,347.0,3
2021,9,581,6,5.3,8,1,21.85,15.450000000000001,19.1,326.0,3
2021,9,582,6,5.3,8,1,16.5,13.1,15.0,350.0,5
2021,9,583,6,5.3,8,1,17.8,13.2,15.7,368.0,5
2021,9,576,6,5.3,8,2,14.4,10.6,12.7,299.0,5
2021,9,578,6,5.3,8,2,16.8,11.4,14.4,339.0,5
2021,9,576,6,5.3,8,0,14.3,10.7,12.7,298.0,5
2021,9,579,6,5.3,8,0,15.3,11.0,13.3,313.0,5
2021,9,582,6,5.3,8,0,14.7,11.2,13.1,307.0,5
2021,9,584,6,5.3,8,0,15.6,11.4,13.7,321.0,5
2021,9,576,6,6.2,8,0,14.7,11.0,13.1,306.0,3
2021,9,579,6,6.2,8,0,15.6,11.6,13.8,324.0,3
2021,9,582,6,6.2,8,0,15.7,12.4,14.2,332.0,3
2021,9,584,6,6.2,8,0,16.8,12.7,15.0,352.0,3
2021,9,591,12,1.4,4,14,7.7,6.2,7.0,165.0,5
2021,9,591,12,1.4,4,20,8.0,6.2,7.2,170.0,5
2021,9,598,8,3.0,6,0,11.3,8.6,10.1,272.0,3
2021,9,598,8,5.3,8,0,14.3,11.8,13.2,309.0,5
2021,9,599,8,5.3,8,0,15.3,12.0,13.8,325.0,5
2021,9,600,8,3.0,6,0,12.0,8.9,10.6,277.0,3
2021,9,600,8,5.3,8,0,15.3,12.4,14.0,328.0,5
2021,9,601,8,5.3,8,0,16.0,12.6,14.5,341.0,5
2021,9,600,8,6.2,8,0,16.8,12.4,14.8,347.0,3
2021,9,601,8,6.2,8,0,17.5,12.6,15.3,357.0,3
2021,9,612,8,3.0,6,0,11.0,8.4,9.8,263.0,3
2021,9,612,8,5.3,8,0,14.3,11.8,13.2,309.0,5
2021,9,613,8,5.3,8,0,15.3,12.0,13.8,325.0,5
2021,9,614,8,3.0,6,0,12.0,8.9,10.6,277.0,3
2021,9,614,8,5.3,8,0,14.8,11.8,13.5,317.0,5
2021,9,615,8,5.3,8,0,15.5,12.0,13.9,327.0,5
2021,9,614,8,6.2,8,0,16.8,12.4,14.8,347.0,3
2021,9,615,8,6.2,8,0,17.5,12.6,15.3,357.0,3
2021,9,623,7,1.2,3,14,8.4,7.5,8.0,188.0,7
2021,9,623,7,1.3,3,14,8.0,7.2,7.6,179.0,7
2021,9,624,7,1.3,3,3,8.9,7.8,8.4,196.0,7
2021,9,629,8,3.6,6,3,13.0,8.8,11.1,261.0,6
2021,9,630,8,3.6,6,3,13.6,9.6,11.8,277.0,6
2021,9,631,7,1.4,4,10,9.1,7.6,8.4,196.0,5
2021,9,632,7,1.4,4,10,9.7,7.3,8.6,203.0,7
2021,9,633,7,1.4,4,10,10.0,8.0,9.1,214.0,5
2021,9,634,7,1.4,4,10,10.2,7.7,9.1,214.0,7
2021,10,14,1,3.6,6,2,12.4,7.8,10.3,242.0,3
2021,10,14,1,5.7,8,2,14.7,9.4,12.3,289.0,3
2021,10,15,1,3.6,6,2,12.8,8.7,11.0,258.0,3
2021,10,340,4,3.6,6,3,12.4,8.4,10.6,249.0,7
2021,10,450,4,3.6,6,3,12.4,8.4,10.6,249.0,7
2021,10,451,4,3.6,6,3,14.1,9.4,12.0,279.0,7
2021,11,185,2,3.6,6,2,12.4,7.8,10.3,242.0,3
2021,11,186,2,5.7,8,2,14.7,9.4,12.3,289.0,3
2021,11,185,2,5.7,8,21,15.6,10.1,13.1,307.0,1
2021,11,186,2,6.4,8,2,15.9,9.6,13.1,306.0,1
2021,11,185,2,6.4,8,21,16.7,10.4,13.9,325.0,1
2021,11,187,2,3.6,6,2,12.8,8.7,11.0,258.0,3
2021,11,191,2,6.4,8,2,15.9,9.6,13.1,306.0,1
2021,11,190,2,6.4,8,21,16.7,10.4,13.9,325.0,1
2021,11,188,2,6.2,8,2,17.6,10.7,14.5,339.0,1
2021,11,188,2,6.2,8,21,18.1,11.4,15.1,352.0,1
2021,11,189,2,6.2,8,2,18.6,11.3,15.3,359.0,1
2021,11,189,2,6.2,8,21,18.1,11.4,15.1,352.0,1
2021,11,192,1,3.6,6,2,12.4,7.8,10.3,242.0,3
2021,11,193,1,5.7,8,2,14.7,9.4,12.3,289.0,3
2021,11,193,1,6.4,8,2,15.9,9.6,13.1,306.0,1
2021,11,194,1,3.6,6,2,12.8,8.7,11.0,258.0,3
2021,11,196,1,6.4,8,2,15.9,9.6,13.1,306.0,1
2021,11,195,1,6.2,8,2,19.0,11.5,15.6,368.0,1
2021,11,241,8,3.6,6,2,12.7,9.6,11.3,265.0,7
2021,11,241,8,5.7,8,2,16.7,10.9,14.1,331.0,5
2021,11,242,8,6.4,8,2,18.3,12.2,15.6,363.0,1
2021,11,243,8,6.2,8,2,20.5,13.8,17.4,410.0,1
2021,12,20,7,1.3,4,3,10.0,7.9,9.1,221.0,6
2021,13,129,7,2.3,4,8,11.7,10.7,11.2,264.0,5
2021,13,129,7,2.3,4,22,11.6,10.9,11.3,265.0,5
2021,13,129,7,2.7,6,8,12.8,11.6,12.2,287.0,6
2021,13,130,7,2.3,4,8,13.5,13.7,13.6,318.0,5
2021,13,130,7,2.3,4,22,14.7,13.3,14.1,330.0,5
2021,13,130,7,2.7,6,8,13.7,13.1,13.4,315.0,6
2021,13,131,7,2.3,4,8,13.1,13.1,13.1,308.0,5
2021,13,131,7,2.3,4,22,13.8,12.4,13.2,310.0,5
2021,13,132,7,2.3,4,8,13.1,13.1,13.1,308.0,5
2021,13,132,7,2.7,6,8,14.0,13.9,13.9,327.0,6
2021,13,133,7,1.5,3,2,9.3,8.3,8.9,209.0,7
2021,13,133,7,2.0,4,12,11.1,8.9,10.1,238.0,5
2021,13,253,7,1.0,3,10,8.6,8.1,8.4,197.0,5
2021,13,254,7,2.0,4,10,10.2,8.0,9.2,217.0,5
2021,13,255,7,2.0,4,2,11.2,8.1,9.8,229.0,5
2021,13,256,7,2.0,4,2,11.5,8.3,10.0,236.0,5
2021,13,256,7,2.0,4,12,11.5,8.3,10.1,237.0,5
2021,13,256,7,2.7,6,12,12.6,9.3,11.1,262.0,5
2021,13,273,7,1.5,3,2,8.5,6.8,7.8,182.0,7
2021,13,274,7,1.5,3,2,9.0,7.6,8.4,198.0,7
2021,13,274,7,2.0,4,2,10.4,7.5,9.1,213.0,5
2021,13,275,7,2.5,4,14,5.4,6.3,5.8,136.0,7
2021,13,276,7,2.5,4,14,5.5,6.4,5.9,139.0,7
2021,13,277,8,3.5,6,8,14.1,10.7,12.6,295.0,5
2021,13,278,8,3.5,6,8,14.7,11.2,13.1,308.0,5
2021,13,279,8,2.3,4,0,11.7,8.6,10.3,242.0,5
2021,13,279,8,2.3,4,8,11.7,8.6,10.3,242.0,5
2021,13,279,8,3.0,6,8,13.4,9.8,11.8,277.0,5
2021,13,281,8,2.3,4,8,12.2,10.4,11.4,268.0,5
2021,13,280,8,3.3,6,8,10.1,9.0,9.6,225.0,5
2021,13,282,6,2.7,6,8,12.0,9.3,10.8,253.0,6
2021,13,285,6,3.3,6,8,12.0,9.8,11.0,259.0,6
2021,13,285,6,3.3,6,8,16.6,12.6,14.8,242.0,6
2021,13,282,6,3.5,6,8,13.1,10.0,11.7,274.0,6
2021,13,285,6,5.0,8,8,14.0,10.0,12.2,287.0,5
2021,13,285,6,5.0,8,8,20.9,13.6,17.6,291.0,5
2021,13,286,6,5.0,8,8,14.5,10.3,12.6,296.0,5
2021,13,286,6,5.0,8,8,19.8,13.7,17.1,284.0,5
2021,13,283,6,2.7,6,8,12.8,10.0,11.5,271.0,6
2021,13,284,6,2.7,6,8,13.5,10.0,11.9,280.0,6
2021,13,283,6,3.0,6,8,11.9,9.1,10.7,287.0,1
2021,13,287,6,3.3,6,8,12.5,10.7,11.7,275.0,6
2021,13,287,6,3.3,6,8,17.2,13.1,15.4,252.0,6
2021,13,283,6,3.5,6,8,13.5,10.2,12.0,282.0,6
2021,13,287,6,5.0,8,8,14.8,10.9,13.1,307.0,5
2021,13,287,6,5.0,8,8,21.5,14.5,18.3,303.0,5
2021,13,288,6,5.0,8,8,15.4,11.0,13.4,315.0,5
2021,13,288,6,5.0,8,8,21.0,14.7,18.1,301.0,5
2021,13,293,6,3.5,6,8,15.8,13.2,14.6,344.0,6
2021,13,294,6,3.5,6,8,16.8,13.2,15.2,357.0,6
2021,13,291,6,3.5,6,8,16.0,14.4,15.3,359.0,6
2021,13,292,6,3.5,6,8,16.6,14.8,15.8,370.0,6
2021,13,295,6,3.5,6,8,14.3,11.8,13.2,310.0,6
2021,13,296,6,3.5,6,8,14.7,11.7,13.3,313.0,6
2021,13,289,6,3.5,6,8,9.5,9.1,9.3,217.0,5
2021,13,290,6,3.5,6,8,9.8,9.7,9.8,229.0,5
2021,13,322,13,3.5,6,5,19.8,12.8,16.6,393.0,3
2021,13,433,12,2.3,4,0,11.0,7.5,9.4,221.0,5
2021,13,433,12,2.3,4,8,11.0,7.5,9.4,222.0,5
2021,13,434,12,2.3,4,8,11.7,8.6,10.3,242.0,5
2021,13,433,12,2.3,4,21,11.4,8.1,9.9,233.0,5
2021,13,434,12,2.3,4,21,11.9,8.7,10.5,246.0,5
2021,13,433,12,5.0,8,8,15.3,9.8,12.8,300.0,3
2021,13,433,12,5.0,8,21,16.2,10.0,13.4,314.0,3
2021,13,435,12,2.3,4,0,12.0,8.5,10.4,244.0,5
2021,13,435,12,2.3,4,8,11.9,8.4,10.3,241.0,5
2021,13,436,12,2.3,4,8,12.1,8.9,10.7,251.0,5
2021,13,435,12,2.3,4,21,11.8,8.6,10.4,244.0,5
2021,13,436,12,2.3,4,21,12.4,9.3,11.0,258.0,5
2021,13,435,12,5.0,8,8,15.8,10.4,13.3,312.0,3
2021,13,437,12,5.0,8,8,15.3,10.1,12.9,303.0,3
2021,13,437,12,5.0,8,21,16.6,10.5,13.9,325.0,3
2021,13,519,6,2.3,4,8,11.8,9.8,10.9,256.0,5
2021,13,520,6,2.3,4,8,12.1,12.3,12.2,287.0,3
2021,13,556,12,5.2,8,5,19.9,12.8,16.7,393.0,3
2021,13,602,14,3.5,6,8,16.2,12.4,14.5,341.0,1
2021,13,602,14,3.5,6,8,21.6,15.450000000000001,19.1,321.0,1
2021,13,603,14,3.5,6,8,16.8,13.0,15.1,354.0,1
2021,13,603,14,3.5,6,8,21.85,15.450000000000001,19.1,331.0,1
2021,13,625,9,2.0,4,12,9.8,8.8,9.3,217.0,6
2021,13,626,9,2.0,4,12,9.8,8.8,9.3,217.0,5
2021,13,626,9,2.0,4,12,13.3,11.8,12.6,209.0,5
2021,13,625,9,2.5,4,10,12.0,8.8,10.6,247.0,5
2021,13,627,9,2.0,4,12,9.9,8.2,9.2,214.0,6
2021,13,628,9,2.0,4,12,9.9,8.2,9.2,214.0,5
2021,13,628,9,2.0,4,12,13.7,11.1,12.5,208.0,5
2021,13,627,9,2.5,4,10,12.1,9.0,10.7,251.0,5
2021,15,308,0,2.0,4,21,12.8,8.5,10.9,255.0,3
2021,15,309,0,2.0,4,12,11.4,8.5,10.1,236.0,3
2021,15,309,0,3.3,6,12,14.1,9.5,12.0,284.0,3
2021,15,310,1,2.5,4,12,10.8,7.9,9.5,225.0,5
2021,15,310,1,3.5,6,12,12.9,9.0,11.2,262.0,5
2021,15,311,1,5.0,8,12,15.0,10.1,12.8,303.0,5
2021,15,324,8,2.5,4,12,11.3,9.5,10.5,248.0,5
2021,15,324,8,3.5,6,12,12.9,10.4,11.8,279.0,5
2021,14,104,8,2.0,4,3,10.6,8.0,9.4,221.0,7
2021,14,104,8,2.5,4,3,11.3,8.9,10.2,238.0,5
2021,14,104,8,3.6,6,3,12.2,8.8,10.7,250.0,6
2021,14,105,8,2.0,4,3,10.6,8.7,9.7,227.0,7
2021,14,105,8,3.6,6,3,12.5,9.0,10.9,256.0,6
2021,14,175,5,2.5,4,1,12.2,9.4,10.9,257.0,6
2021,14,175,5,2.8,4,1,11.8,7.9,10.1,294.0,3
2021,14,175,5,3.6,6,2,12.9,9.3,11.3,263.0,6
2021,14,176,5,2.5,4,1,12.7,9.9,11.4,268.0,6
2021,14,176,5,2.8,4,1,12.2,8.4,10.5,294.0,3
2021,14,176,5,3.6,6,2,14.9,10.9,13.1,306.0,6
2021,14,559,6,2.7,4,2,11.9,10.3,11.2,263.0,6
2021,14,572,6,2.7,4,2,11.9,10.3,11.2,263.0,6
2021,14,559,6,3.0,6,0,10.2,7.8,9.1,245.0,3
2021,14,559,6,4.3,6,1,15.1,11.5,13.5,318.0,6
2021,14,559,6,5.3,8,1,15.8,11.4,13.8,325.0,5
2021,14,560,6,5.3,8,1,16.7,11.4,14.3,336.0,5
2021,14,571,6,5.3,8,1,16.2,12.3,14.5,340.0,3
2021,14,571,6,5.3,8,1,21.5,15.450000000000001,19.0,315.0,3
2021,14,559,6,5.3,8,2,14.0,10.1,12.3,288.0,5
2021,14,561,6,5.3,8,2,16.0,10.9,13.7,321.0,5
2021,14,562,6,2.7,4,2,13.0,11.4,12.3,288.0,6
2021,14,570,6,2.7,4,2,13.3,11.8,12.6,295.0,6
2021,14,562,6,3.0,6,0,10.6,9.2,10.0,268.0,3
2021,14,566,6,3.0,6,0,10.6,9.2,10.0,268.0,3
2021,14,562,6,4.3,6,1,15.8,11.9,14.0,329.0,6
2021,14,562,6,5.3,8,1,16.0,11.8,14.1,331.0,5
2021,14,563,6,5.3,8,1,17.3,11.8,14.8,348.0,5
2021,14,569,6,5.3,8,1,16.5,12.8,14.8,347.0,3
2021,14,569,6,5.3,8,1,21.85,15.450000000000001,19.1,326.0,3
2021,14,566,6,5.3,8,1,16.7,13.1,15.1,355.0,5
2021,14,562,6,5.3,8,2,15.2,11.1,13.3,313.0,5
2021,14,564,6,5.3,8,2,17.4,11.7,14.8,349.0,5
2021,14,566,6,5.3,8,2,15.2,11.1,13.3,312.0,5
2021,14,567,6,5.3,8,2,17.4,11.7,14.8,348.0,5
2021,14,562,6,5.3,8,0,14.3,10.7,12.7,298.0,5
2021,14,565,6,5.3,8,0,15.3,11.0,13.3,313.0,5
2021,14,566,6,5.3,8,0,14.7,11.2,13.1,307.0,5
2021,14,568,6,5.3,8,0,15.6,11.4,13.7,321.0,5
2021,14,562,6,6.2,8,0,15.1,11.5,13.5,316.0,3
2021,14,565,6,6.2,8,0,16.2,12.0,14.3,335.0,3
2021,14,566,6,6.2,8,0,15.7,12.4,14.2,332.0,3
2021,14,568,6,6.2,8,0,16.8,12.7,15.0,352.0,3
2021,14,617,7,1.5,4,3,9.2,7.8,8.6,201.0,7
2021,14,618,7,1.5,4,3,9.6,8.3,9.0,211.0,7
2021,14,693,8,3.0,6,0,11.3,8.6,10.1,272.0,3
2021,14,693,8,5.3,8,0,14.3,11.8,13.2,309.0,5
2021,14,694,8,5.3,8,0,15.3,12.0,13.8,325.0,5
2021,14,695,8,3.0,6,0,12.0,8.9,10.6,277.0,3
2021,14,695,8,5.3,8,0,14.8,11.8,13.5,317.0,5
2021,14,696,8,5.3,8,0,15.5,12.0,13.9,327.0,5
2021,14,695,8,6.2,8,0,16.8,12.4,14.8,347.0,3
2021,14,696,8,6.2,8,0,17.5,12.6,15.3,357.0,3
2021,14,697,8,3.0,6,0,11.3,8.6,10.1,272.0,3
2021,14,697,8,5.3,8,0,14.3,11.8,13.2,309.0,5
2021,14,698,8,5.3,8,0,15.3,12.0,13.8,325.0,5
2021,14,699,8,3.0,6,0,12.0,8.9,10.6,277.0,3
2021,14,699,8,5.3,8,0,15.3,12.4,14.0,328.0,5
2021,14,700,8,5.3,8,0,16.0,12.6,14.5,341.0,5
2021,14,699,8,6.2,8,0,16.8,12.4,14.8,347.0,3
2021,14,700,8,6.2,8,0,17.5,12.6,15.3,357.0,3
2021,16,106,1,1.5,4,14,7.8,6.5,7.2,168.0,7
2021,16,109,1,1.5,4,18,8.1,6.8,7.5,176.0,7
2021,16,109,1,2.0,4,8,10.4,7.4,9.1,211.0,7
2021,16,107,1,2.0,4,14,5.0,5.0,5.0,117.0,7
2021,16,108,1,2.0,4,14,5.3,5.7,5.5,129.0,7
2021,16,203,1,1.5,4,21,8.1,6.4,7.3,171.0,3
2021,16,204,1,1.5,4,18,8.0,6.6,7.4,172.0,3
2021,16,204,1,1.5,4,21,8.1,6.4,7.3,171.0,3
2021,16,205,2,1.5,4,18,7.8,6.2,7.1,165.0,3
2021,16,205,2,2.0,4,14,7.9,6.1,7.1,167.0,3
2021,16,205,2,2.0,4,18,8.2,6.5,7.4,172.0,3
2021,16,206,1,2.0,4,21,10.5,8.4,9.6,223.0,3
2021,16,141,7,1.5,4,14,8.3,7.0,7.7,180.0,5
2021,16,142,7,1.5,4,14,8.7,7.4,8.1,189.0,5
2021,16,345,11,1.8,4,14,8.4,7.0,7.8,181.0,5
2021,16,346,11,1.8,4,14,8.8,7.5,8.2,193.0,5
2021,16,346,11,1.8,4,18,9.1,7.7,8.5,200.0,5
2021,16,363,2,1.5,4,14,4.6,5.3,4.9,115.0,7
2021,16,364,0,1.5,4,14,4.6,5.3,4.9,115.0,7
2021,16,448,4,3.5,6,8,12.2,8.5,10.6,248.0,5
2021,16,467,7,3.5,6,13,12.5,9.8,11.3,265.0,3
2021,16,470,7,3.5,6,13,12.4,9.3,11.0,256.0,3
2021,16,524,6,3.5,6,13,12.8,9.9,11.5,271.0,3
2021,17,257,2,1.6,4,5,8.4,6.6,7.6,179.0,5
2021,17,257,2,2.0,4,15,7.5,5.7,6.7,157.0,5
2021,17,258,2,2.0,4,15,7.1,5.5,6.4,152.0,5
2021,17,257,2,2.0,4,21,9.1,6.3,7.8,185.0,5
2021,17,259,2,1.6,4,4,4.5,4.2,4.4,103.0,7
2021,17,356,1,1.6,4,4,4.3,4.1,4.2,99.0,7
2021,17,357,1,1.6,4,4,4.0,3.9,4.0,94.0,7
2021,17,375,7,2.0,4,10,8.6,7.0,7.9,187.0,5
2021,17,376,7,1.6,4,5,9.0,8.0,8.6,201.0,5
2021,17,376,7,2.0,4,10,9.2,7.8,8.6,202.0,5
2021,17,452,8,3.8,6,12,11.9,8.8,10.5,250.0,5
2021,17,453,8,3.8,6,12,12.3,9.6,11.1,265.0,5
2021,17,547,7,2.5,4,12,9.6,8.5,9.1,214.0,7
2021,17,548,7,2.5,4,6,11.0,8.5,9.9,233.0,5
2021,17,548,7,2.5,4,12,10.6,9.3,10.0,235.0,7
2021,17,549,7,1.6,4,4,7.1,7.9,7.4,176.0,7
2021,17,587,1,1.6,4,12,8.8,6.4,7.7,182.0,5
2021,17,587,1,2.5,4,6,10.1,7.2,8.8,208.0,5
2021,17,587,1,2.5,4,12,8.8,6.4,7.7,182.0,7
2021,17,588,1,2.0,4,4,5.3,4.6,5.0,117.0,7
2021,17,635,7,2.0,4,10,10.0,7.9,9.1,216.0,5
2021,17,636,7,2.0,4,10,10.8,9.2,10.1,239.0,5
2021,17,636,7,2.4,4,10,11.0,9.1,10.1,241.0,5
2021,17,647,0,2.0,4,6,12.0,8.6,10.5,248.0,3
2021,17,647,0,2.0,4,21,10.6,8.3,9.5,226.0,3
2021,17,648,2,1.6,4,15,7.9,7.0,7.5,178.0,5
2021,17,648,2,1.6,4,21,8.6,6.8,7.8,184.0,5
2021,18,478,2,3.0,6,11,12.5,8.7,10.8,254.0,3
2021,18,479,2,3.0,6,11,12.5,9.3,11.1,261.0,3
2021,18,480,12,3.0,6,11,12.3,8.7,10.7,252.0,3
2021,18,481,12,3.0,6,11,12.5,9.2,11.0,259.0,3
2021,18,485,7,2.0,4,19,10.8,8.3,9.7,229.0,6
2021,18,486,8,5.6,8,11,17.6,12.2,15.1,356.0,3
2021,19,297,13,2.0,4,12,10.2,7.8,9.2,215.0,7
2021,19,298,13,2.0,4,12,10.2,7.8,9.2,215.0,7
2021,19,299,13,3.0,6,12,13.0,9.2,11.3,265.0,7
2021,19,300,13,3.0,6,12,13.0,9.2,11.3,265.0,7
2021,19,301,13,5.0,8,12,15.2,9.8,12.7,299.0,3
2021,19,302,13,5.0,8,12,15.2,9.8,12.7,299.0,3
2021,20,197,7,2.0,4,3,10.4,7.6,9.1,214.0,5
2021,20,197,7,2.4,4,3,10.8,7.5,9.3,219.0,6
2021,20,197,7,3.2,6,3,11.9,8.2,10.2,240.0,5
2021,20,198,7,2.0,4,3,11.2,8.0,9.8,229.0,5
2021,20,198,7,2.4,4,3,11.2,8.0,9.8,230.0,6
2021,20,198,7,3.2,6,3,12.2,8.6,10.6,249.0,5
2021,20,199,7,2.0,4,3,11.5,8.6,10.2,240.0,5
2021,20,199,7,3.2,6,3,12.8,9.0,11.1,259.0,5
2021,20,200,7,3.2,6,3,12.9,9.7,11.5,268.0,5
2021,20,210,7,2.4,4,1,10.6,7.6,9.3,218.0,6
2021,20,211,7,2.4,4,3,10.8,7.8,9.5,222.0,6
2021,20,336,6,3.0,6,2,10.8,8.5,9.8,263.0,1
2021,20,337,6,3.0,6,2,11.0,8.7,10.0,271.0,1
2021,20,335,6,3.6,6,2,13.7,10.7,12.3,290.0,7
2021,20,335,6,3.6,6,21,14.3,10.4,12.6,296.0,7
2021,20,341,8,3.6,6,2,12.7,9.6,11.3,265.0,7
2021,20,341,8,5.7,8,2,16.7,10.9,14.1,331.0,3
2021,20,342,8,6.4,8,2,18.3,12.6,15.7,368.0,1
2021,20,343,8,6.2,8,2,20.9,13.8,17.7,413.0,1
2021,20,344,8,3.6,6,2,13.0,9.4,11.3,266.0,7
2021,20,344,8,5.7,8,2,16.7,10.9,14.1,331.0,5
2021,20,521,7,1.3,4,3,9.8,7.4,8.7,204.0,6
2021,20,521,7,2.4,4,3,10.8,7.8,9.5,222.0,6
2021,20,522,7,1.3,4,3,10.1,8.1,9.2,222.0,6
2021,20,523,7,1.3,4,3,10.8,8.7,9.9,231.0,6
2021,20,522,7,2.4,4,3,11.2,8.2,9.8,230.0,6
2021,20,655,7,2.0,4,2,10.7,9.8,10.3,241.0,5
2021,20,655,7,3.6,6,2,12.8,10.4,11.8,274.0,7
2021,20,656,7,3.6,6,2,12.0,9.8,11.0,258.0,5
2021,20,655,7,3.6,6,21,13.7,9.6,11.8,277.0,7
2021,20,657,7,2.0,4,2,11.5,9.9,10.8,251.0,5
2021,20,658,7,3.0,6,2,10.6,8.1,9.5,255.0,1
2021,20,659,7,3.0,6,2,11.2,9.0,10.2,275.0,1
2021,20,657,7,3.6,6,2,12.9,10.7,11.9,280.0,7
2021,20,660,7,3.6,6,2,12.3,9.9,11.2,262.0,5
2021,20,657,7,3.6,6,21,13.8,10.1,12.2,285.0,7
2021,21,305,2,1.6,4,5,8.7,6.6,7.8,184.0,5
2021,21,305,2,2.0,4,14,7.8,5.9,6.9,164.0,5
2021,21,305,2,2.0,4,21,8.6,6.4,7.6,180.0,5
2021,21,306,1,1.6,4,5,8.9,6.9,8.0,190.0,5
2021,21,306,1,1.6,4,21,9.9,7.6,8.8,209.0,5
2021,21,306,1,2.0,4,14,8.0,6.0,7.1,169.0,5
2021,21,372,1,2.5,4,6,9.9,7.3,8.7,207.0,5
2021,21,373,1,1.6,4,12,9.2,6.9,8.2,193.0,5
2021,21,445,11,1.6,4,4,4.4,4.9,4.6,110.0,7
2021,21,446,11,1.6,4,4,4.4,4.9,4.6,110.0,7
2021,21,447,11,1.6,4,4,5.0,5.6,5.3,124.0,7
2021,21,525,0,1.6,4,15,7.2,6.0,6.7,159.0,3
2021,21,525,0,1.6,4,21,7.7,6.1,7.0,166.0,3
2021,21,550,4,3.3,6,12,12.7,10.0,11.5,272.0,5
2021,21,551,7,2.0,4,19,8.2,7.1,7.7,182.0,5
2021,21,552,7,1.6,4,5,9.4,7.9,8.7,205.0,5
2021,21,552,7,2.0,4,19,8.8,7.6,8.2,195.0,5
2021,21,589,7,2.5,4,6,11.1,8.4,9.9,233.0,5
2021,21,589,7,2.5,4,12,10.1,9.2,9.7,227.0,5
2021,21,590,11,2.0,4,14,8.5,7.0,7.9,187.0,7
2021,21,592,7,2.4,4,10,10.1,7.6,9.0,214.0,5
2021,21,593,7,2.0,4,10,12.1,9.6,11.0,261.0,5
2021,21,593,7,2.4,4,10,10.7,9.0,10.0,237.0,5
2021,21,597,2,3.3,6,12,13.6,9.6,11.8,279.0,3
2021,21,616,7,3.8,6,12,12.6,9.7,11.3,265.0,5
2021,22,121,13,6.5,12,5,21.85,15.450000000000001,19.1,439.25,1
2021,22,122,13,6.5,12,5,21.85,15.450000000000001,19.1,439.25,1
2021,22,123,13,6.5,12,5,21.85,15.450000000000001,19.1,439.25,1
2021,22,124,13,6.5,12,5,21.85,15.450000000000001,19.1,439.25,1
2021,22,351,13,5.2,10,5,18.0,12.9,15.7,370.0,1
2021,22,352,13,5.2,10,5,18.0,12.9,15.7,371.0,1
2021,22,353,13,5.2,10,5,18.0,12.9,15.7,370.0,1
2021,22,354,13,5.2,10,5,18.0,12.9,15.7,371.0,1
2021,22,642,8,4.0,8,12,19.2,14.1,16.9,384.0,3
2021,23,249,2,2.5,4,12,9.5,7.0,8.4,197.0,6
2021,23,250,2,2.5,4,17,5.5,5.2,5.3,124.0,7
2021,23,251,2,3.5,6,12,10.7,7.2,9.1,213.0,5
2021,23,252,2,3.5,6,12,10.9,7.5,9.4,219.0,5
2021,23,325,8,4.6,8,10,16.2,12.3,14.5,337.0,3
2021,23,358,0,2.0,4,12,11.0,7.6,9.5,221.0,5
2021,23,359,0,3.5,6,10,12.2,9.0,10.8,253.0,5
2021,23,360,0,3.5,6,10,12.2,9.0,10.8,253.0,5
2021,23,377,12,5.0,8,8,15.1,9.6,12.6,294.0,5
2021,23,378,3,5.0,8,8,16.0,9.5,13.0,304.0,5
2021,23,379,12,3.5,6,16,9.0,7.1,8.1,189.0,7
2021,23,380,2,3.5,6,8,13.8,8.7,11.1,269.0,5
2021,23,381,2,3.5,6,16,10.1,8.1,9.2,213.0,7
2021,23,382,8,5.7,8,12,19.2,14.3,16.9,395.0,3
2021,23,440,7,2.0,4,10,10.7,8.5,9.7,226.0,3
2021,23,441,7,2.0,4,10,10.8,8.9,9.9,232.0,3
2021,23,442,7,2.5,4,17,7.2,7.9,7.5,175.0,7
2021,23,503,12,3.5,6,10,12.2,9.0,10.8,253.0,5
2021,23,504,12,3.5,6,10,12.2,9.0,10.8,253.0,5
2021,23,505,12,5.0,8,12,14.4,9.6,12.2,285.0,5
2021,23,515,7,3.5,6,12,12.2,9.0,10.8,252.0,5
2021,23,516,7,3.5,6,12,13.1,9.4,11.1,268.0,5
2021,23,517,8,3.5,6,17,7.5,8.4,7.9,185.0,7
2021,23,518,8,3.5,6,17,8.1,8.4,8.1,190.0,7
2021,23,639,2,2.0,4,8,8.0,6.3,7.2,168.0,6
2021,23,640,0,2.0,4,17,5.5,5.7,5.6,130.0,7
2021,23,641,0,2.0,4,17,5.7,6.2,6.0,140.0,7
2021,24,125,8,3.0,6,8,13.7,9.7,11.9,280.0,5
2021,24,230,7,2.0,4,12,11.1,8.1,9.8,229.0,5
2021,24,230,7,2.3,4,12,11.1,8.3,9.9,232.0,5
2021,24,443,7,2.0,4,2,12.0,9.6,10.7,252.0,5
2021,24,443,7,2.0,4,12,12.0,9.6,10.7,252.0,5
2021,24,443,7,2.7,6,12,12.6,9.3,11.1,262.0,5
2021,24,444,8,3.5,6,8,15.0,11.5,13.5,316.0,5
2021,26,326,2,3.0,6,12,13.8,9.5,11.9,277.0,3
2021,26,327,2,3.0,6,12,13.8,9.5,11.9,277.0,3
2021,26,328,2,3.0,6,12,14.8,9.8,12.6,293.0,3
2021,26,329,2,3.8,8,12,17.4,11.9,14.9,348.0,1
2021,26,384,8,3.0,6,12,15.1,10.9,13.2,308.0,3
2021,26,386,8,3.0,6,12,15.1,10.9,13.2,308.0,3
2021,26,385,8,3.8,8,12,17.4,12.0,15.0,349.0,1
2021,26,387,8,3.8,8,12,17.4,12.0,15.0,349.0,1
2021,26,489,1,3.0,6,12,14.6,9.9,12.5,291.0,3
2021,26,490,1,3.0,6,12,14.8,9.8,12.6,293.0,3
2021,26,491,1,3.8,8,12,17.4,11.9,14.9,348.0,1
2021,27,151,0,2.0,4,10,8.3,6.9,7.7,179.0,3
2021,27,152,0,2.0,4,21,8.8,7.0,8.0,186.0,3
2021,27,153,0,2.0,4,10,8.6,7.4,8.1,189.0,3
2021,27,154,7,2.0,4,10,8.9,7.1,8.1,189.0,7
2021,27,154,7,2.5,4,10,9.3,7.1,8.3,194.0,7
2021,27,155,7,2.0,4,10,9.4,7.7,8.6,202.0,7
2021,27,155,7,2.5,4,10,9.9,7.7,8.9,208.0,7
2021,27,156,7,2.5,4,10,10.5,7.9,9.3,220.0,3
2021,27,157,7,2.5,4,10,9.7,7.8,8.8,206.0,7
2021,27,158,7,2.5,4,10,9.3,7.6,8.5,201.0,7
2021,27,159,7,2.5,4,10,10.2,8.2,9.3,217.0,7
2021,27,160,7,2.5,4,10,9.8,7.9,9.0,209.0,7
2021,27,161,7,2.5,4,10,10.8,8.7,9.8,230.0,5
2021,27,162,7,2.5,4,10,11.6,9.1,10.5,244.0,5
2021,27,417,0,2.0,4,10,8.4,6.6,7.6,178.0,7
2021,27,418,0,2.0,4,21,8.7,6.4,7.7,180.0,7
2021,27,417,0,2.5,4,10,8.9,6.5,7.8,184.0,7
2021,27,419,0,2.5,4,10,9.3,7.0,8.2,193.0,7
2021,27,420,0,2.5,4,10,10.1,7.3,8.8,207.0,3
2021,27,421,2,2.0,4,10,8.6,6.7,7.7,181.0,7
2021,27,422,2,2.0,4,21,8.7,6.6,7.8,181.0,7
2021,27,421,2,2.5,4,10,9.2,6.9,8.1,190.0,7
2021,27,422,2,2.5,4,21,9.5,7.0,8.4,197.0,7
2021,27,423,2,2.5,4,10,9.5,7.4,8.5,200.0,7
2021,27,424,2,2.5,4,10,10.1,7.5,8.9,209.0,3
2021,27,425,2,2.5,4,10,9.1,6.7,8.0,187.0,7
2021,27,426,2,2.5,4,10,10.0,7.5,8.9,208.0,3
2021,27,407,13,2.0,4,10,9.0,6.6,7.9,186.0,3
2021,27,408,13,2.0,4,21,9.0,7.0,8.1,189.0,3
2021,28,49,12,2.0,4,5,9.6,6.9,8.4,197.0,5
2021,28,50,11,2.0,4,5,9.4,6.8,8.2,193.0,5
2021,28,64,12,2.0,4,5,10.7,8.2,9.5,224.0,5
2021,28,63,11,2.0,4,5,10.6,8.2,9.5,224.0,5
2021,28,67,0,3.0,6,3,13.4,8.7,11.3,266.0,5
2021,28,65,12,3.0,6,3,12.3,8.7,10.7,251.0,5
2021,28,66,12,3.0,6,3,12.5,8.8,10.8,254.0,5
2021,28,68,11,3.0,6,3,12.3,8.5,10.6,249.0,5
2021,28,72,0,4.0,8,3,13.5,8.9,11.4,269.0,3
2021,28,71,0,4.0,8,3,13.5,8.9,11.4,269.0,3
2021,28,69,12,4.0,8,3,13.9,9.6,12.0,281.0,3
2021,28,70,12,4.0,8,3,13.7,9.1,11.6,273.0,3
2021,28,73,0,2.0,4,5,10.7,8.2,9.5,224.0,5
2021,28,74,0,2.0,4,6,12.0,8.2,10.3,242.0,3
2021,28,75,0,3.0,6,3,11.3,9.0,10.3,242.0,6
2021,28,78,2,3.0,6,3,10.7,8.2,9.5,225.0,6
2021,28,76,12,3.0,6,3,11.3,8.8,10.2,239.0,6
2021,28,77,12,3.0,6,3,11.2,8.5,10.0,235.0,6
2021,28,79,10,3.0,6,3,11.3,8.7,10.1,238.0,6
2021,28,80,2,4.0,8,3,15.0,10.1,12.8,301.0,3
2021,28,81,10,4.0,8,3,14.7,10.4,12.8,300.0,3
2021,28,82,8,4.0,8,3,18.6,15.450000000000001,17.2,396.0,3
2021,28,83,7,2.0,4,6,10.4,8.1,9.4,219.0,5
2021,28,84,7,2.0,4,6,11.6,8.8,10.4,243.0,3
2021,28,85,7,2.0,4,6,11.1,8.9,10.1,237.0,5
2021,28,87,7,3.0,6,3,13.1,9.6,11.6,272.0,5
2021,28,86,7,3.0,6,3,13.5,9.6,11.7,277.0,5
2021,28,89,7,4.0,8,3,15.7,10.9,13.5,319.0,5
2021,28,88,7,4.0,8,3,15.2,10.8,13.2,311.0,5
2021,28,91,8,3.0,6,3,13.2,10.8,12.1,285.0,6
2021,28,90,8,3.0,6,3,12.7,10.4,11.7,273.0,6
2021,28,93,8,4.0,8,3,16.2,12.5,14.5,340.0,3
2021,28,92,8,4.0,8,3,16.3,12.8,14.7,347.0,3
2021,28,94,8,4.0,8,3,16.3,12.9,14.8,347.0,3
2021,28,95,0,3.0,6,3,11.9,9.6,10.9,255.0,6
2021,28,96,0,4.0,8,3,15.6,11.5,13.7,322.0,5
2021,28,97,0,4.0,8,3,15.1,11.1,13.3,312.0,5
2021,28,98,13,4.0,8,5,15.6,12.0,13.9,328.0,3
2021,28,99,13,4.0,8,5,15.9,12.1,14.2,332.0,3
2021,28,100,13,4.0,8,5,15.8,12.0,14.1,330.0,3
2021,28,101,13,4.0,8,5,16.4,12.0,14.4,339.0,3
2021,28,102,12,4.0,8,3,16.3,10.0,13.5,317.0,5
2021,28,103,0,4.0,8,3,15.1,9.2,12.4,293.0,5
2021,28,136,0,2.0,4,3,10.1,7.1,8.7,204.0,6
2021,28,134,12,2.0,4,3,10.8,7.9,9.5,223.0,6
2021,28,135,12,2.0,4,3,10.2,7.4,9.0,210.0,6
2021,28,137,11,2.0,4,3,10.5,7.5,9.1,214.0,6
2021,28,139,0,2.0,4,5,9.8,7.1,8.6,201.0,5
2021,28,140,0,3.0,6,3,10.5,8.1,9.4,222.0,6
2021,28,244,2,2.0,4,3,10.7,7.8,9.4,221.0,6
2021,28,248,2,3.0,6,3,10.4,7.8,9.2,217.0,6
2021,28,246,12,3.0,6,3,10.4,8.0,9.3,219.0,6
2021,28,247,12,3.0,6,3,10.3,7.9,9.3,218.0,6
2021,28,245,10,3.0,6,3,10.6,8.4,9.6,226.0,6
2021,28,307,8,4.0,8,3,13.6,12.4,13.1,307.0,3
2021,28,312,7,2.0,4,6,9.8,7.2,8.7,203.0,5
2021,28,313,7,2.0,4,6,10.3,7.8,9.2,216.0,5
2021,28,315,7,2.0,4,3,11.3,8.5,10.0,235.0,6
2021,28,314,7,2.0,4,3,10.6,8.4,9.6,226.0,6
2021,28,316,8,2.0,4,3,12.4,9.0,10.8,254.0,5
2021,28,317,8,3.0,6,3,11.4,9.2,10.4,244.0,6
2021,28,318,8,3.0,6,3,12.0,9.8,11.0,257.0,6
2021,28,319,8,4.0,8,3,14.5,11.2,13.0,305.0,5
2021,28,415,8,4.0,8,3,16.6,12.5,14.8,346.0,3
2021,28,416,1,4.0,8,3,15.5,9.8,12.9,301.0,5
2021,28,427,9,2.0,4,3,12.6,10.0,11.5,268.0,5
2021,28,428,9,2.0,4,3,12.6,10.0,11.5,268.0,5
2021,28,429,9,2.0,4,3,13.3,10.8,12.2,284.0,5
2021,28,528,1,3.0,6,3,11.3,8.0,9.8,230.0,6
2021,28,530,12,4.0,8,3,14.5,9.0,12.0,282.0,5
2021,28,529,0,4.0,8,3,14.5,9.0,12.0,282.0,5
2021,28,531,1,4.0,8,3,14.4,9.4,12.2,285.0,5
2021,25,214,12,1.5,3,5,8.4,6.5,7.5,176.0,7
2021,25,214,12,1.5,3,21,8.8,6.4,7.7,180.0,7
2021,25,215,12,1.5,3,5,8.4,6.5,7.5,176.0,7
2021,25,215,12,1.5,3,21,8.8,6.4,7.7,180.0,7
2021,25,216,2,1.5,3,12,9.7,7.0,8.5,198.0,7
2021,25,217,3,1.5,3,5,8.4,6.5,7.5,176.0,7
2021,25,217,3,1.5,3,21,8.8,6.4,7.7,180.0,7
2021,25,218,2,1.5,3,12,10.0,7.4,8.8,206.0,7
2021,25,219,12,2.0,4,5,8.9,6.6,7.9,184.0,7
2021,25,219,12,2.0,4,21,10.2,7.1,8.8,206.0,7
2021,25,220,12,2.0,4,5,8.9,6.6,7.9,184.0,7
2021,25,220,12,2.0,4,21,10.2,7.1,8.8,206.0,7
2021,25,221,2,2.0,4,12,10.1,7.4,8.9,207.0,7
2021,25,222,3,2.0,4,5,9.1,6.9,8.1,191.0,7
2021,25,222,3,2.0,4,21,10.3,7.3,9.0,209.0,7
2021,25,223,2,2.0,4,12,10.4,7.5,9.1,212.0,7
2021,25,367,12,2.0,4,12,9.2,6.9,8.1,190.0,7
2021,25,367,12,2.0,4,21,10.2,7.1,8.8,206.0,7
2021,25,368,2,2.0,4,12,10.1,7.6,9.0,210.0,3
2021,25,369,3,2.0,4,12,9.4,7.1,8.3,194.0,7
2021,25,370,2,2.0,4,12,10.0,7.8,9.0,210.0,3
2021,25,371,12,2.0,4,12,9.9,7.8,8.9,208.0,3
2021,29,430,0,1.2,3,14,6.6,5.6,6.2,143.0,5
2021,29,430,0,1.2,3,20,7.1,5.8,6.5,151.0,5
2021,29,513,7,2.0,4,17,9.7,7.8,8.8,206.0,5
2021,29,514,7,2.0,4,17,10.1,8.2,9.2,213.0,5
2021,29,514,7,2.4,4,17,10.3,8.3,9.4,218.0,5
2021,30,112,2,2.5,4,14,9.1,6.5,7.9,187.0,7
2021,30,113,2,2.5,4,14,9.3,6.7,8.1,190.0,7
2021,30,114,8,5.6,8,11,17.5,12.9,15.4,362.0,3
2021,30,323,12,3.8,6,4,14.4,10.9,12.8,300.0,3
2021,30,374,2,1.6,4,14,7.7,6.6,7.2,169.0,7
2021,30,414,2,3.5,6,18,11.6,7.9,9.9,233.0,3
2021,30,431,10,3.5,6,18,11.7,8.3,10.2,240.0,5
2021,30,432,10,3.5,6,18,12.0,8.5,10.4,245.0,5
2021,30,439,9,2.0,4,14,9.9,9.1,9.5,223.0,3
2021,30,487,11,2.0,4,19,8.8,7.3,8.1,191.0,5
2021,30,487,11,2.0,4,21,9.9,8.0,9.0,212.0,5
2021,30,488,11,2.0,4,19,9.0,7.6,8.4,197.0,5
2021,30,526,7,2.5,4,19,8.9,7.0,8.1,189.0,7
2021,30,527,7,2.5,4,19,9.2,7.2,8.3,195.0,7
2021,30,553,2,2.0,4,14,8.0,6.0,7.1,167.0,7
2021,30,554,2,2.0,4,14,8.2,6.2,7.3,171.0,7
2021,30,553,2,2.0,4,21,9.3,6.3,8.0,187.0,7
2021,30,554,2,2.0,4,21,9.4,6.5,8.1,190.0,7
2021,30,621,6,5.6,8,13,15.2,11.1,13.4,314.0,5
2021,30,622,6,5.6,8,13,15.4,11.4,13.6,321.0,5
2021,30,650,0,1.6,4,14,7.4,5.9,6.7,158.0,7
2021,30,650,0,1.6,4,20,8.6,6.7,7.7,181.0,7
2021,31,23,13,2.0,4,5,11.0,8.7,10.0,233.0,1
2021,31,23,13,2.0,4,21,11.7,8.9,10.5,245.0,1
2021,31,24,13,4.0,6,5,12.3,9.8,11.1,260.0,5
2021,31,24,13,4.0,6,21,14.0,10.0,12.2,284.0,5
2021,31,25,13,2.5,4,5,12.2,9.2,10.9,255.0,1
2021,31,25,13,2.5,4,21,12.5,9.6,11.2,263.0,1
2021,31,26,13,2.0,4,5,11.2,8.7,10.1,236.0,1
2021,31,26,13,2.0,4,21,11.7,8.9,10.5,245.0,1
2021,31,27,13,2.0,4,5,11.0,8.7,10.0,233.0,1
2021,31,27,13,2.0,4,21,11.7,8.9,10.5,245.0,1
2021,31,28,13,4.0,6,5,13.0,9.9,11.6,271.0,5
2021,31,28,13,4.0,6,21,14.0,10.1,12.2,286.0,5
2021,31,29,13,4.0,6,5,12.3,9.8,11.1,260.0,5
2021,31,29,13,4.0,6,21,14.0,10.0,12.2,284.0,5
2021,31,30,13,2.5,4,5,12.2,9.2,10.9,255.0,1
2021,31,30,13,2.5,4,21,12.5,9.6,11.2,263.0,1
2021,31,31,13,2.0,4,5,11.2,8.7,10.1,236.0,1
2021,31,31,13,2.0,4,21,11.7,8.9,10.5,245.0,1
2021,31,32,13,4.0,6,5,13.0,9.9,11.6,271.0,5
2021,31,32,13,4.0,6,21,14.0,10.1,12.2,286.0,5
2021,31,35,3,3.0,6,6,13.1,9.8,11.6,275.0,5
2021,31,40,3,3.0,6,6,13.1,9.8,11.6,275.0,5
2021,31,41,3,3.0,6,6,12.9,10.2,11.7,274.0,5
2021,31,41,3,3.0,6,22,12.8,9.4,11.3,264.0,5
2021,31,42,3,3.0,6,6,12.9,10.2,11.7,273.0,5
2021,31,42,3,3.0,6,22,13.8,9.4,11.8,275.0,5
2021,31,36,3,3.0,6,6,13.1,9.8,11.6,275.0,5
2021,31,37,3,3.0,6,6,13.1,9.7,11.6,275.0,5
2021,31,38,3,3.0,6,6,13.0,10.2,11.8,275.0,5
2021,31,38,3,3.0,6,22,13.8,9.3,11.8,275.0,5
2021,31,39,3,3.0,6,6,12.8,10.2,11.7,273.0,5
2021,31,39,3,3.0,6,22,13.8,9.8,12.0,281.0,5
2021,31,43,3,3.0,6,6,13.1,9.8,11.6,275.0,5
2021,31,44,3,3.0,6,6,13.1,10.2,11.8,274.0,5
2021,31,44,3,3.0,6,22,13.7,9.8,11.9,278.0,5
2021,31,45,3,3.7,6,6,15.2,11.9,13.7,321.0,5
2021,31,46,3,3.7,6,6,15.6,11.8,13.9,324.0,5
2021,31,47,3,3.7,6,6,15.3,11.8,13.7,321.0,5
2021,31,48,3,3.7,6,6,16.0,11.8,14.1,328.0,5
2021,31,177,8,3.0,6,12,12.5,10.3,11.5,269.0,5
2021,31,178,8,3.0,6,12,12.7,10.3,11.6,271.0,5
2021,31,179,8,4.0,8,12,15.8,12.3,14.2,331.0,3
2021,31,180,8,4.0,8,12,15.2,12.4,14.0,326.0,3
2021,31,181,8,2.9,6,12,13.1,10.5,11.9,278.0,5
2021,31,182,8,2.9,6,12,13.4,10.9,12.3,286.0,5
2021,31,183,8,4.0,8,12,15.6,12.4,14.1,329.0,3
2021,31,184,8,4.0,8,12,15.8,12.2,14.2,332.0,3
2021,31,409,7,2.0,4,5,12.2,10.2,11.3,264.0,5
2021,31,410,7,2.9,6,5,13.5,10.5,12.2,285.0,5
2021,31,411,7,3.0,6,5,13.1,9.6,11.5,274.0,5
2021,31,412,7,2.9,6,5,13.5,11.2,12.5,293.0,5
2021,31,454,1,2.9,6,6,13.1,9.8,11.6,274.0,5
2021,31,455,1,2.9,6,6,12.8,9.8,11.5,274.0,5
2021,31,456,1,2.9,6,6,13.8,10.2,12.2,289.0,5
2021,31,457,1,2.9,6,6,12.8,10.2,11.7,274.0,5
2021,31,458,1,2.9,6,6,12.8,9.8,11.4,276.0,5
2021,31,459,1,2.9,6,6,13.8,10.2,12.2,292.0,5
2021,31,460,1,2.9,6,6,13.8,10.2,12.2,292.0,5
2021,31,461,1,4.0,8,6,15.7,11.2,13.7,323.0,3
2021,31,462,1,4.0,8,6,15.7,11.8,13.9,323.0,3
2021,31,463,1,4.0,8,6,15.3,11.2,13.5,326.0,3
2021,31,464,1,4.0,8,6,15.3,11.2,13.5,326.0,3
2021,31,465,1,4.0,8,6,15.3,11.2,13.5,326.0,3
2021,32,7,6,3.0,6,2,10.5,7.3,9.0,243.0,1
2021,32,8,6,3.0,6,2,10.4,7.1,8.9,238.0,1
2021,32,10,6,3.6,6,2,11.9,9.4,10.8,253.0,5
2021,32,9,6,3.6,6,2,11.6,9.0,10.4,245.0,5
2021,32,0,6,5.7,8,2,16.2,10.5,13.6,320.0,5
2021,32,10,6,5.7,8,2,14.1,10.3,12.4,290.0,5
2021,32,2,6,3.0,6,2,11.1,8.0,9.7,260.0,1
2021,32,4,6,3.6,6,2,12.1,9.7,11.0,259.0,5
2021,32,1,6,5.7,8,2,16.1,11.0,13.8,325.0,5
2021,32,4,6,5.7,8,2,14.0,10.7,12.5,294.0,5
2021,32,3,6,6.2,8,2,21.85,15.450000000000001,19.1,439.25,1
2021,32,5,6,3.6,6,2,13.9,9.6,11.9,280.0,3
2021,32,5,6,5.7,8,2,15.7,11.0,13.6,319.0,3
2021,32,6,6,3.6,6,2,14.5,10.2,12.6,294.0,3
2021,32,6,6,5.7,8,2,16.2,11.6,14.1,330.0,3
2021,32,473,9,2.4,4,3,11.2,8.3,9.9,232.0,6
2021,33,233,10,6.7,12,12,20.1,12.1,16.5,386.0,3
2021,33,234,10,6.7,12,12,20.1,12.1,16.5,386.0,3
2021,33,239,0,6.6,12,12,20.7,13.4,17.4,408.0,3
2021,33,240,0,6.6,12,12,20.7,13.4,17.4,408.0,3
2021,33,330,1,6.7,12,12,19.9,12.7,16.7,387.0,3
2021,33,331,1,6.7,12,12,19.9,12.7,16.7,387.0,3
2021,33,468,1,6.7,12,12,20.0,11.8,16.3,382.0,3
2021,33,469,1,6.7,12,12,20.0,11.8,16.3,382.0,3
2021,33,653,2,6.6,12,12,19.6,12.8,16.5,387.0,3
2021,33,654,2,6.6,12,12,19.6,12.8,16.5,387.0,3
2021,34,116,8,2.4,4,19,11.6,9.0,10.4,244.0,3
2021,34,232,7,2.0,4,19,8.5,7.0,7.9,185.0,6
2021,34,232,7,2.0,4,21,10.5,8.1,9.4,220.0,6
2021,34,232,7,2.5,4,19,8.8,7.0,8.0,188.0,6
2021,34,304,7,2.5,4,18,9.0,7.2,8.2,192.0,6
2021,34,361,2,2.0,4,18,8.3,6.4,7.5,174.0,6
2021,34,361,2,2.0,4,20,10.1,7.6,9.0,210.0,6
2021,34,362,11,2.0,4,18,8.4,6.6,7.6,178.0,6
2021,34,362,11,2.0,4,20,10.1,7.7,9.0,211.0,6
2021,34,383,1,2.4,4,19,9.9,7.3,8.7,205.0,3
2021,34,383,1,2.5,4,19,8.9,6.7,7.9,184.0,6
2021,34,449,7,2.4,4,19,10.1,7.9,9.1,213.0,3
2021,34,449,7,2.5,4,19,9.0,7.1,8.2,192.0,6
2021,34,651,0,2.0,4,19,12.9,9.7,11.5,269.0,1
2021,34,651,0,2.0,4,21,11.7,8.7,10.4,243.0,1
2021,34,652,0,2.5,4,21,14.4,10.8,12.8,301.0,1
2021,35,18,8,4.0,6,9,14.8,12.5,13.8,321.0,5
2021,35,19,8,4.0,6,9,14.8,12.5,13.8,321.0,5
2021,35,119,2,3.5,6,12,10.9,7.7,9.5,221.0,5
2021,35,120,2,2.5,4,12,9.5,7.0,8.4,197.0,6
2021,35,138,0,2.0,4,11,8.7,7.5,8.2,189.0,3
2021,35,171,2,2.5,4,12,8.5,6.1,7.4,173.0,7
2021,35,173,2,2.5,4,12,8.6,6.3,7.6,177.0,7
2021,35,166,2,3.5,6,12,10.5,7.1,9.0,210.0,5
2021,35,174,2,3.5,6,12,10.7,7.4,9.2,215.0,5
2021,35,172,2,3.5,6,12,10.8,7.6,9.4,220.0,5
2021,35,167,2,2.5,4,12,9.3,6.8,8.2,190.0,6
2021,35,168,2,2.5,4,12,9.5,7.0,8.4,197.0,6
2021,35,169,2,2.5,4,14,4.9,4.8,4.9,113.0,7
2021,35,170,2,2.5,4,14,5.3,5.0,5.1,121.0,7
2021,35,224,0,1.8,4,14,7.9,6.1,7.1,165.0,5
2021,35,228,0,1.8,4,14,8.1,6.3,7.3,170.0,5
2021,35,224,0,1.8,4,21,8.0,6.0,7.1,165.0,5
2021,35,224,0,2.0,4,16,7.6,5.9,6.8,159.0,7
2021,35,229,0,2.0,4,16,7.7,6.1,7.0,164.0,7
2021,35,224,0,2.0,4,21,8.2,6.5,7.4,173.0,7
2021,35,225,0,2.0,4,16,7.7,6.2,7.0,164.0,7
2021,35,225,0,2.0,4,21,8.4,6.6,7.5,178.0,7
2021,35,226,0,2.0,4,16,7.5,5.8,6.7,158.0,7
2021,35,226,0,2.0,4,21,8.4,6.7,7.6,179.0,7
2021,35,227,0,1.8,4,14,4.4,4.5,4.5,106.0,7
2021,35,320,13,2.0,4,12,9.4,7.3,8.4,197.0,7
2021,35,321,13,3.0,6,12,10.6,8.0,9.4,218.0,5
2021,35,347,7,3.5,6,12,11.9,8.3,10.3,240.0,5
2021,35,348,7,3.5,6,12,11.8,8.6,10.3,241.0,5
2021,35,349,8,2.5,4,14,6.7,6.8,6.7,158.0,7
2021,35,350,8,2.5,4,14,6.6,6.8,6.7,156.0,7
2021,35,471,2,1.8,4,14,4.4,4.7,4.5,106.0,7
2021,35,472,2,1.8,4,14,4.6,5.0,4.8,111.0,7
2021,35,496,7,2.5,4,12,8.8,6.8,7.9,184.0,6
2021,35,497,7,2.5,4,12,8.5,6.8,7.7,180.0,6
2021,35,498,7,2.5,4,12,9.4,7.1,8.4,195.0,6
2021,35,499,7,2.5,4,12,8.8,7.1,8.0,187.0,6
2021,35,500,7,2.5,4,12,8.7,6.9,7.9,184.0,6
2021,35,501,7,2.5,4,12,9.5,7.4,8.5,200.0,6
2021,35,502,7,2.5,4,14,5.8,6.3,6.0,140.0,7
2021,35,555,8,5.7,8,10,18.5,13.9,16.4,384.0,5
2021,35,557,4,2.5,4,14,6.6,6.5,6.5,153.0,7
2021,35,558,4,2.5,4,14,6.8,6.6,6.7,157.0,7
2021,35,610,5,3.5,6,10,13.0,10.5,11.8,278.0,5
2021,35,610,5,3.5,6,21,13.8,11.4,12.7,299.0,5
2021,35,611,5,3.5,6,21,13.8,11.7,12.9,300.0,5
2021,35,637,6,5.7,8,10,17.7,13.6,15.9,371.0,5
2021,35,638,6,5.7,8,10,18.0,14.2,16.3,382.0,5
2021,35,649,7,2.5,4,14,5.9,6.4,6.1,141.0,7
2021,36,115,1,2.0,4,12,11.6,7.7,9.8,230.0,3
2021,36,117,7,2.0,4,12,11.7,9.9,10.9,256.0,3
2021,36,117,8,3.6,6,12,14.6,10.9,12.9,301.0,5
2021,36,118,7,2.0,4,12,11.7,10.0,10.9,257.0,3
2021,36,118,7,3.6,6,12,13.8,10.4,12.3,289.0,5
2021,36,338,0,1.4,4,12,8.2,6.5,7.5,174.0,7
2021,36,338,0,1.4,4,21,8.0,6.1,7.1,166.0,7
2021,36,339,0,2.0,4,5,9.7,7.3,8.6,201.0,7
2021,36,339,0,2.0,4,21,10.1,7.9,9.1,213.0,7
2021,36,365,0,1.4,4,12,8.0,6.0,7.1,165.0,7
2021,36,365,0,1.4,4,21,7.9,5.8,6.9,162.0,7
2021,36,366,0,2.0,4,5,9.7,6.8,8.4,195.0,7
2021,36,366,0,2.0,4,21,9.7,7.0,8.5,198.0,7
2021,36,466,2,2.0,4,10,9.8,6.6,8.3,195.0,7
2021,36,619,7,2.0,4,12,10.4,8.1,9.4,219.0,7
2021,36,620,7,2.0,4,12,11.0,8.6,9.9,232.0,7
2021,37,537,0,2.0,4,12,10.0,6.8,8.6,200.0,5
2021,37,538,0,2.0,4,12,10.8,7.2,9.2,215.0,5
2021,37,539,0,2.0,4,12,11.0,7.4,9.4,219.0,7
2021,37,542,2,2.0,4,12,11.3,7.5,9.6,224.0,7
2021,37,644,11,2.0,4,12,10.0,6.8,8.6,200.0,5
2021,37,645,11,2.0,4,12,11.3,7.5,9.6,224.0,7
2021,37,643,11,2.0,4,12,10.8,7.7,9.4,220.0,5
2021,37,682,7,2.0,4,12,10.7,7.6,9.3,217.0,5
2021,37,683,7,2.0,4,12,10.7,7.7,9.4,219.0,5
2021,37,684,7,2.0,4,12,11.1,8.3,9.9,230.0,5
2021,37,685,7,2.0,4,12,11.7,8.6,10.3,240.0,7
2021,37,686,8,2.0,4,12,11.5,8.4,10.1,236.0,5
2021,37,687,8,2.0,4,12,12.1,8.5,10.5,245.0,7
